_project.string_key,_digital_object_type.string_key,_identifiers-1,_parent_digital_objects-1.identifier,title-1:title_non_sort_portion,title-1:title_sort_portion,note-1:note_value,note-1:note_type,note-2:note_value,note-3:note_value,note-3:note_type,object_in_context_url-1--object_in_context_url_value,omeka_identifier-1--omeka_identifier_value,form-1:form_term.value,form-1:form_term.uri,form-1:form_term.authority,type_of_resource-1:type_of_resource_value,genre-1:genre_term.value,genre-1:genre_term.uri,genre-1:genre_term.authority,language-1:language_term.value,language-1:language_term.uri,language-1:language_term.authority,location-1:location_term.value,location-1:location_term.uri,location-1:location_sublocation,location-1:location_shelf_location-1.location_shelf_location_box_number,location-1:location_shelf_location-1.location_shelf_location_folder_number,collection-1:collection_term.value,collection-1:collection_term.uri,digital_origin-1:digital_origin_value,abstract-1:abstract_value,restriction_on_access-1:restriction_on_access_value,use_and_reproduction-1:use_and_reproduction_value,use_and_reproduction-1:use_and_reproduction_uri,use_and_reproduction-1:use_and_reproduction_authority,date_created_textual-1:date_created_textual_value,date_created-1:date_created_start_value,date_created-1:date_created_key_date,date_created-1:date_created_type,subject_name-1:subject_name_term.name_value,subject_name-1:subject_name_term.uri,subject_name-1:subject_name_term.authority,subject_name-1:subject_name_term.name_type,subject_geographic-1:subject_geographic_term.value,subject_geographic-1:subject_geographic_term.uri,subject_geographic-1:subject_geographic_term.authority,subject_topic-1:subject_topic_term.value,subject_topic-1:subject_topic_term.uri,subject_topic-1:subject_topic_term.authority,subject_topic-2:subject_topic_term.value,subject_topic-2:subject_topic_term.uri,subject_topic-2:subject_topic_term.authority,subject_topic-3:subject_topic_term.value,subject_topic-3:subject_topic_term.uri,subject_topic-3:subject_topic_term.authority,name-1:name_term.value,name-1:name_term.uri,name-1:name_term.authority,name-1:name_term.name_type,name-1:name_usage_primary,name-1:name_role-1.name_role_term.value,name-1:name_role-1.name_role_term.uri,name-1:name_role-1.name_role_term.authority,_publish_targets-1.string_key,_publish
,item,churchib_cib_000,,A,Church is Born: Church of South India Inauguration,,,,,,,,filmstrips,http://vocab.getty.edu/aat/300028048,aat,still image,documentary film,http://vocab.getty.edu/aat/300375156,aat,English,http://id.loc.gov/vocabulary/iso639-2/eng,iso639-2b,"Burke Library at Union Theological Seminary, Columbia University",http://id.library.columbia.edu/term/4f175cc6-1394-49b9-a411-2fe143265d43,Missionary Research Library Archives,1,2-5,A Church is Born Records,http://id.library.columbia.edu/term/1dc0ee18-c4a1-4ea1-ac90-48e98a5420e3,reformatted digital,Filmstrips and commentary on the Church of South India's inauguration.,,In Copyright,http://rightsstatements.org/vocab/InC/1.0/,rightsstatements.org,circa 1948,1948,TRUE,inferred,Church of South India,http://id.loc.gov/authorities/names/n82211742,naf,corporate,India,http://id.loc.gov/authorities/names/n80125948,naf,Protestantism,http://id.worldcat.org/fast/1079920,fast,Ecumenical movement,http://id.worldcat.org/fast/902390,fast,Protestant churches--Missions,http://id.worldcat.org/fast/1079897,fast,Foreign Missions Conference of North America. India Committee,http://id.loc.gov/authorites/names/no2013038494,naf,corporate,TRUE,Film producer,http://id.loc.gov/vocabulary/relators/fmp,marcrelator,,
,asset,churchib_cib_001,churchib_cib_000,,Scene 1: A Church is Born Presented by the India Committee Foreign Missions Conference of North America,http://ldpd.cul.columbia.edu/a_church_is_born/burke_church_001.jpg,filename,original filename: burke_church_001.tif,"Originally part of the independent Missionary Research Library, these records were accessioned to the Burke Library archives with the closure of the MRL in 1976. The records were processed and preserved as part of a Henry Luce Foundation grant in 2013.",ownership,https://exhibitions.library.columbia.edu/exhibits/show/church/miracle/scenesmiracle1,7770,,,,,,,,,,,,,,,,,,,,On-site Access,In Copyright,http://rightsstatements.org/vocab/InC/1.0/,rightsstatements.org,,,,,,,,,,,,,,,,,,,,,,,,,,,,,,
,asset,churchib_cib_002,churchib_cib_000,,Scene 2: The greatest miracle since Pentecost,http://ldpd.cul.columbia.edu/a_church_is_born/burke_church_002.jpg,filename,original filename: burke_church_002.tif,"Originally part of the independent Missionary Research Library, these records were accessioned to the Burke Library archives with the closure of the MRL in 1976. The records were processed and preserved as part of a Henry Luce Foundation grant in 2013.",ownership,https://exhibitions.library.columbia.edu/exhibits/show/church/miracle/scenesmiracle1,7771,,,,,,,,,,,,,,,,,,,,On-site Access,In Copyright,http://rightsstatements.org/vocab/InC/1.0/,rightsstatements.org,,,,,,,,,,,,,,,,,,,,,,,,,,,,,,
,asset,churchib_cib_003,churchib_cib_000,,Scene 3: interior of Medak Cathedral,http://ldpd.cul.columbia.edu/a_church_is_born/burke_church_003.jpg,filename,original filename: burke_church_003.tif,"Originally part of the independent Missionary Research Library, these records were accessioned to the Burke Library archives with the closure of the MRL in 1976. The records were processed and preserved as part of a Henry Luce Foundation grant in 2013.",ownership,https://exhibitions.library.columbia.edu/exhibits/show/church/miracle/scenesmiracle1,7772,,,,,,,,,,,,,,,,,,,,On-site Access,In Copyright,http://rightsstatements.org/vocab/InC/1.0/,rightsstatements.org,,,,,,,,,,,,,,,,,,,,,,,,,,,,,,
,asset,churchib_cib_004,churchib_cib_000,,Scene 4: bishop praying,http://ldpd.cul.columbia.edu/a_church_is_born/burke_church_004.jpg,filename,original filename: burke_church_004.tif,"Originally part of the independent Missionary Research Library, these records were accessioned to the Burke Library archives with the closure of the MRL in 1976. The records were processed and preserved as part of a Henry Luce Foundation grant in 2013.",ownership,https://exhibitions.library.columbia.edu/exhibits/show/church/miracle/scenesmiracle1,7773,,,,,,,,,,,,,,,,,,,,On-site Access,In Copyright,http://rightsstatements.org/vocab/InC/1.0/,rightsstatements.org,,,,,,,,,,,,,,,,,,,,,,,,,,,,,,
,asset,churchib_cib_005,churchib_cib_000,,Scene 5: women standing at door,http://ldpd.cul.columbia.edu/a_church_is_born/burke_church_005.jpg,filename,original filename: burke_church_005.tif,"Originally part of the independent Missionary Research Library, these records were accessioned to the Burke Library archives with the closure of the MRL in 1976. The records were processed and preserved as part of a Henry Luce Foundation grant in 2013.",ownership,https://exhibitions.library.columbia.edu/exhibits/show/church/miracle/scenesmiracle2,7774,,,,,,,,,,,,,,,,,,,,On-site Access,In Copyright,http://rightsstatements.org/vocab/InC/1.0/,rightsstatements.org,,,,,,,,,,,,,,,,,,,,,,,,,,,,,,
,asset,churchib_cib_006,churchib_cib_000,,Scene 6: clergyman,http://ldpd.cul.columbia.edu/a_church_is_born/burke_church_006.jpg,filename,original filename: burke_church_006.tif,"Originally part of the independent Missionary Research Library, these records were accessioned to the Burke Library archives with the closure of the MRL in 1976. The records were processed and preserved as part of a Henry Luce Foundation grant in 2013.",ownership,https://exhibitions.library.columbia.edu/exhibits/show/church/miracle/scenesmiracle2,7775,,,,,,,,,,,,,,,,,,,,On-site Access,In Copyright,http://rightsstatements.org/vocab/InC/1.0/,rightsstatements.org,,,,,,,,,,,,,,,,,,,,,,,,,,,,,,
,asset,churchib_cib_007,churchib_cib_000,,Scene 7: woman,http://ldpd.cul.columbia.edu/a_church_is_born/burke_church_007.jpg,filename,original filename: burke_church_007.tif,"Originally part of the independent Missionary Research Library, these records were accessioned to the Burke Library archives with the closure of the MRL in 1976. The records were processed and preserved as part of a Henry Luce Foundation grant in 2013.",ownership,https://exhibitions.library.columbia.edu/exhibits/show/church/miracle/scenesmiracle2,7776,,,,,,,,,,,,,,,,,,,,On-site Access,In Copyright,http://rightsstatements.org/vocab/InC/1.0/,rightsstatements.org,,,,,,,,,,,,,,,,,,,,,,,,,,,,,,
,asset,churchib_cib_008,churchib_cib_000,,Scene 8: woman and child,http://ldpd.cul.columbia.edu/a_church_is_born/burke_church_008.jpg,filename,original filename: burke_church_008.tif,"Originally part of the independent Missionary Research Library, these records were accessioned to the Burke Library archives with the closure of the MRL in 1976. The records were processed and preserved as part of a Henry Luce Foundation grant in 2013.",ownership,https://exhibitions.library.columbia.edu/exhibits/show/church/miracle/scenesmiracle2,7777,,,,,,,,,,,,,,,,,,,,On-site Access,In Copyright,http://rightsstatements.org/vocab/InC/1.0/,rightsstatements.org,,,,,,,,,,,,,,,,,,,,,,,,,,,,,,
,asset,churchib_cib_009,churchib_cib_000,,Scene 9: man and child,http://ldpd.cul.columbia.edu/a_church_is_born/burke_church_009.jpg,filename,original filename: burke_church_009.tif,"Originally part of the independent Missionary Research Library, these records were accessioned to the Burke Library archives with the closure of the MRL in 1976. The records were processed and preserved as part of a Henry Luce Foundation grant in 2013.",ownership,https://exhibitions.library.columbia.edu/exhibits/show/church/miracle/scenesmiracle2,7778,,,,,,,,,,,,,,,,,,,,On-site Access,In Copyright,http://rightsstatements.org/vocab/InC/1.0/,rightsstatements.org,,,,,,,,,,,,,,,,,,,,,,,,,,,,,,
,asset,churchib_cib_010,churchib_cib_000,,Scene 10: woman and nurse at crib,http://ldpd.cul.columbia.edu/a_church_is_born/burke_church_010.jpg,filename,original filename: burke_church_010.tif,"Originally part of the independent Missionary Research Library, these records were accessioned to the Burke Library archives with the closure of the MRL in 1976. The records were processed and preserved as part of a Henry Luce Foundation grant in 2013.",ownership,https://exhibitions.library.columbia.edu/exhibits/show/church/miracle/scenesmiracle2,7779,,,,,,,,,,,,,,,,,,,,On-site Access,In Copyright,http://rightsstatements.org/vocab/InC/1.0/,rightsstatements.org,,,,,,,,,,,,,,,,,,,,,,,,,,,,,,
,asset,churchib_cib_011,churchib_cib_000,,Scene 11: group at service,http://ldpd.cul.columbia.edu/a_church_is_born/burke_church_011.jpg,filename,original filename: burke_church_011.tif,"Originally part of the independent Missionary Research Library, these records were accessioned to the Burke Library archives with the closure of the MRL in 1976. The records were processed and preserved as part of a Henry Luce Foundation grant in 2013.",ownership,https://exhibitions.library.columbia.edu/exhibits/show/church/miracle/scenesmiracle2,7780,,,,,,,,,,,,,,,,,,,,On-site Access,In Copyright,http://rightsstatements.org/vocab/InC/1.0/,rightsstatements.org,,,,,,,,,,,,,,,,,,,,,,,,,,,,,,
,asset,churchib_cib_012,churchib_cib_000,,Scene 12: group on steps,http://ldpd.cul.columbia.edu/a_church_is_born/burke_church_012.jpg,filename,original filename: burke_church_012.tif,"Originally part of the independent Missionary Research Library, these records were accessioned to the Burke Library archives with the closure of the MRL in 1976. The records were processed and preserved as part of a Henry Luce Foundation grant in 2013.",ownership,https://exhibitions.library.columbia.edu/exhibits/show/church/miracle/scenesmiracle2,7781,,,,,,,,,,,,,,,,,,,,On-site Access,In Copyright,http://rightsstatements.org/vocab/InC/1.0/,rightsstatements.org,,,,,,,,,,,,,,,,,,,,,,,,,,,,,,
,asset,churchib_cib_013,churchib_cib_000,,Scene 13: Christianity comes to India,http://ldpd.cul.columbia.edu/a_church_is_born/burke_church_013.jpg,filename,original filename: burke_church_013.tif,"Originally part of the independent Missionary Research Library, these records were accessioned to the Burke Library archives with the closure of the MRL in 1976. The records were processed and preserved as part of a Henry Luce Foundation grant in 2013.",ownership,https://exhibitions.library.columbia.edu/exhibits/show/church/christianityindia/sceneschristianityindia1,7782,,,,,,,,,,,,,,,,,,,,On-site Access,In Copyright,http://rightsstatements.org/vocab/InC/1.0/,rightsstatements.org,,,,,,,,,,,,,,,,,,,,,,,,,,,,,,
,asset,churchib_cib_014,churchib_cib_000,,Scene 14: map of South India,http://ldpd.cul.columbia.edu/a_church_is_born/burke_church_014.jpg,filename,original filename: burke_church_014.tif,"Originally part of the independent Missionary Research Library, these records were accessioned to the Burke Library archives with the closure of the MRL in 1976. The records were processed and preserved as part of a Henry Luce Foundation grant in 2013.",ownership,https://exhibitions.library.columbia.edu/exhibits/show/church/christianityindia/sceneschristianityindia1,7783,,,,,,,,,,,,,,,,,,,,On-site Access,In Copyright,http://rightsstatements.org/vocab/InC/1.0/,rightsstatements.org,,,,,,,,,,,,,,,,,,,,,,,,,,,,,,
,asset,churchib_cib_015,churchib_cib_000,,"Scene 15: palm shore, Travancore",http://ldpd.cul.columbia.edu/a_church_is_born/burke_church_015.jpg,filename,original filename: burke_church_015.tif,"Originally part of the independent Missionary Research Library, these records were accessioned to the Burke Library archives with the closure of the MRL in 1976. The records were processed and preserved as part of a Henry Luce Foundation grant in 2013.",ownership,https://exhibitions.library.columbia.edu/exhibits/show/church/christianityindia/sceneschristianityindia1,7784,,,,,,,,,,,,,,,,,,,,On-site Access,In Copyright,http://rightsstatements.org/vocab/InC/1.0/,rightsstatements.org,,,,,,,,,,,,,,,,,,,,,,,,,,,,,,
,asset,churchib_cib_016,churchib_cib_000,,Scene 16: cross at Travancore,http://ldpd.cul.columbia.edu/a_church_is_born/burke_church_016.jpg,filename,original filename: burke_church_016.tif,"Originally part of the independent Missionary Research Library, these records were accessioned to the Burke Library archives with the closure of the MRL in 1976. The records were processed and preserved as part of a Henry Luce Foundation grant in 2013.",ownership,https://exhibitions.library.columbia.edu/exhibits/show/church/christianityindia/sceneschristianityindia1,7785,,,,,,,,,,,,,,,,,,,,On-site Access,In Copyright,http://rightsstatements.org/vocab/InC/1.0/,rightsstatements.org,,,,,,,,,,,,,,,,,,,,,,,,,,,,,,
,asset,churchib_cib_017,churchib_cib_000,,Scene 17: tablet on cave,http://ldpd.cul.columbia.edu/a_church_is_born/burke_church_017.jpg,filename,original filename: burke_church_017.tif,"Originally part of the independent Missionary Research Library, these records were accessioned to the Burke Library archives with the closure of the MRL in 1976. The records were processed and preserved as part of a Henry Luce Foundation grant in 2013.",ownership,https://exhibitions.library.columbia.edu/exhibits/show/church/christianityindia/sceneschristianityindia1,7786,,,,,,,,,,,,,,,,,,,,On-site Access,In Copyright,http://rightsstatements.org/vocab/InC/1.0/,rightsstatements.org,,,,,,,,,,,,,,,,,,,,,,,,,,,,,,
,asset,churchib_cib_018,churchib_cib_000,,Scene 18: gateway to church,http://ldpd.cul.columbia.edu/a_church_is_born/burke_church_018.jpg,filename,original filename: burke_church_018.tif,"Originally part of the independent Missionary Research Library, these records were accessioned to the Burke Library archives with the closure of the MRL in 1976. The records were processed and preserved as part of a Henry Luce Foundation grant in 2013.",ownership,https://exhibitions.library.columbia.edu/exhibits/show/church/christianityindia/sceneschristianityindia1,7787,,,,,,,,,,,,,,,,,,,,On-site Access,In Copyright,http://rightsstatements.org/vocab/InC/1.0/,rightsstatements.org,,,,,,,,,,,,,,,,,,,,,,,,,,,,,,
,asset,churchib_cib_019,churchib_cib_000,,Scene 19: Bishop Abraham,http://ldpd.cul.columbia.edu/a_church_is_born/burke_church_019.jpg,filename,original filename: burke_church_019.tif,"Originally part of the independent Missionary Research Library, these records were accessioned to the Burke Library archives with the closure of the MRL in 1976. The records were processed and preserved as part of a Henry Luce Foundation grant in 2013.",ownership,https://exhibitions.library.columbia.edu/exhibits/show/church/christianityindia/sceneschristianityindia1,7788,,,,,,,,,,,,,,,,,,,,On-site Access,In Copyright,http://rightsstatements.org/vocab/InC/1.0/,rightsstatements.org,,,,,,,,,,,,,,,,,,,,,,,,,,,,,,
,asset,churchib_cib_020,churchib_cib_000,,"Scene 20: ships at Malabar, Vasco da Gama 1496",http://ldpd.cul.columbia.edu/a_church_is_born/burke_church_020.jpg,filename,original filename: burke_church_020.tif,"Originally part of the independent Missionary Research Library, these records were accessioned to the Burke Library archives with the closure of the MRL in 1976. The records were processed and preserved as part of a Henry Luce Foundation grant in 2013.",ownership,https://exhibitions.library.columbia.edu/exhibits/show/church/christianityindia/sceneschristianityindia2,7789,,,,,,,,,,,,,,,,,,,,On-site Access,In Copyright,http://rightsstatements.org/vocab/InC/1.0/,rightsstatements.org,,,,,,,,,,,,,,,,,,,,,,,,,,,,,,
,asset,churchib_cib_021,churchib_cib_000,,"Scene 21: East India House, British East India House 1618",http://ldpd.cul.columbia.edu/a_church_is_born/burke_church_021.jpg,filename,original filename: burke_church_021.tif,"Originally part of the independent Missionary Research Library, these records were accessioned to the Burke Library archives with the closure of the MRL in 1976. The records were processed and preserved as part of a Henry Luce Foundation grant in 2013.",ownership,https://exhibitions.library.columbia.edu/exhibits/show/church/christianityindia/sceneschristianityindia2,7790,,,,,,,,,,,,,,,,,,,,On-site Access,In Copyright,http://rightsstatements.org/vocab/InC/1.0/,rightsstatements.org,,,,,,,,,,,,,,,,,,,,,,,,,,,,,,
,asset,churchib_cib_022,churchib_cib_000,,Scene 22: station at Canton,http://ldpd.cul.columbia.edu/a_church_is_born/burke_church_022.jpg,filename,original filename: burke_church_022.tif,"Originally part of the independent Missionary Research Library, these records were accessioned to the Burke Library archives with the closure of the MRL in 1976. The records were processed and preserved as part of a Henry Luce Foundation grant in 2013.",ownership,https://exhibitions.library.columbia.edu/exhibits/show/church/christianityindia/sceneschristianityindia2,7791,,,,,,,,,,,,,,,,,,,,On-site Access,In Copyright,http://rightsstatements.org/vocab/InC/1.0/,rightsstatements.org,,,,,,,,,,,,,,,,,,,,,,,,,,,,,,
,asset,churchib_cib_023,churchib_cib_000,,"Scene 23: Fort St. George, Madras, 1640",http://ldpd.cul.columbia.edu/a_church_is_born/burke_church_023.jpg,filename,original filename: burke_church_023.tif,"Originally part of the independent Missionary Research Library, these records were accessioned to the Burke Library archives with the closure of the MRL in 1976. The records were processed and preserved as part of a Henry Luce Foundation grant in 2013.",ownership,https://exhibitions.library.columbia.edu/exhibits/show/church/christianityindia/sceneschristianityindia2,7792,,,,,,,,,,,,,,,,,,,,On-site Access,In Copyright,http://rightsstatements.org/vocab/InC/1.0/,rightsstatements.org,,,,,,,,,,,,,,,,,,,,,,,,,,,,,,
,asset,churchib_cib_024,churchib_cib_000,,"Scene 24: church, St. Mary's, Madras, 1680",http://ldpd.cul.columbia.edu/a_church_is_born/burke_church_024.jpg,filename,original filename: burke_church_024.tif,"Originally part of the independent Missionary Research Library, these records were accessioned to the Burke Library archives with the closure of the MRL in 1976. The records were processed and preserved as part of a Henry Luce Foundation grant in 2013.",ownership,https://exhibitions.library.columbia.edu/exhibits/show/church/christianityindia/sceneschristianityindia2,7793,,,,,,,,,,,,,,,,,,,,On-site Access,In Copyright,http://rightsstatements.org/vocab/InC/1.0/,rightsstatements.org,,,,,,,,,,,,,,,,,,,,,,,,,,,,,,
,asset,churchib_cib_025,churchib_cib_000,,Scene 25: interior of church,http://ldpd.cul.columbia.edu/a_church_is_born/burke_church_025.jpg,filename,original filename: burke_church_025.tif,"Originally part of the independent Missionary Research Library, these records were accessioned to the Burke Library archives with the closure of the MRL in 1976. The records were processed and preserved as part of a Henry Luce Foundation grant in 2013.",ownership,https://exhibitions.library.columbia.edu/exhibits/show/church/christianityindia/sceneschristianityindia2,7794,,,,,,,,,,,,,,,,,,,,On-site Access,In Copyright,http://rightsstatements.org/vocab/InC/1.0/,rightsstatements.org,,,,,,,,,,,,,,,,,,,,,,,,,,,,,,
,asset,churchib_cib_026,churchib_cib_000,,Scene 26: plate,http://ldpd.cul.columbia.edu/a_church_is_born/burke_church_026.jpg,filename,original filename: burke_church_026.tif,"Originally part of the independent Missionary Research Library, these records were accessioned to the Burke Library archives with the closure of the MRL in 1976. The records were processed and preserved as part of a Henry Luce Foundation grant in 2013.",ownership,https://exhibitions.library.columbia.edu/exhibits/show/church/christianityindia/sceneschristianityindia2,7795,,,,,,,,,,,,,,,,,,,,On-site Access,In Copyright,http://rightsstatements.org/vocab/InC/1.0/,rightsstatements.org,,,,,,,,,,,,,,,,,,,,,,,,,,,,,,
,asset,churchib_cib_027,churchib_cib_000,,Scene 27: The first Protestant missionaries,http://ldpd.cul.columbia.edu/a_church_is_born/burke_church_027.jpg,filename,original filename: burke_church_027.tif,"Originally part of the independent Missionary Research Library, these records were accessioned to the Burke Library archives with the closure of the MRL in 1976. The records were processed and preserved as part of a Henry Luce Foundation grant in 2013.",ownership,https://exhibitions.library.columbia.edu/exhibits/show/church/firstprotestantmissionaries/scenesprotestantmiss1,7796,,,,,,,,,,,,,,,,,,,,On-site Access,In Copyright,http://rightsstatements.org/vocab/InC/1.0/,rightsstatements.org,,,,,,,,,,,,,,,,,,,,,,,,,,,,,,
,asset,churchib_cib_028,churchib_cib_000,,Scene 28: Danish Fort at Tranquobar,http://ldpd.cul.columbia.edu/a_church_is_born/burke_church_028.jpg,filename,original filename: burke_church_028.tif,"Originally part of the independent Missionary Research Library, these records were accessioned to the Burke Library archives with the closure of the MRL in 1976. The records were processed and preserved as part of a Henry Luce Foundation grant in 2013.",ownership,https://exhibitions.library.columbia.edu/exhibits/show/church/firstprotestantmissionaries/scenesprotestantmiss1,7797,,,,,,,,,,,,,,,,,,,,On-site Access,In Copyright,http://rightsstatements.org/vocab/InC/1.0/,rightsstatements.org,,,,,,,,,,,,,,,,,,,,,,,,,,,,,,
,asset,churchib_cib_029,churchib_cib_000,,"Scene 29: Ziegenbalg, 1706",http://ldpd.cul.columbia.edu/a_church_is_born/burke_church_029.jpg,filename,original filename: burke_church_029.tif,"Originally part of the independent Missionary Research Library, these records were accessioned to the Burke Library archives with the closure of the MRL in 1976. The records were processed and preserved as part of a Henry Luce Foundation grant in 2013.",ownership,https://exhibitions.library.columbia.edu/exhibits/show/church/firstprotestantmissionaries/scenesprotestantmiss1,7798,,,,,,,,,,,,,,,,,,,,On-site Access,In Copyright,http://rightsstatements.org/vocab/InC/1.0/,rightsstatements.org,,,,,,,,,,,,,,,,,,,,,,,,,,,,,,
,asset,churchib_cib_030,churchib_cib_000,,"Scene 30: exterior church, New Jerusalem Church, 1718",http://ldpd.cul.columbia.edu/a_church_is_born/burke_church_030.jpg,filename,original filename: burke_church_030.tif,"Originally part of the independent Missionary Research Library, these records were accessioned to the Burke Library archives with the closure of the MRL in 1976. The records were processed and preserved as part of a Henry Luce Foundation grant in 2013.",ownership,https://exhibitions.library.columbia.edu/exhibits/show/church/firstprotestantmissionaries/scenesprotestantmiss2,7799,,,,,,,,,,,,,,,,,,,,On-site Access,In Copyright,http://rightsstatements.org/vocab/InC/1.0/,rightsstatements.org,,,,,,,,,,,,,,,,,,,,,,,,,,,,,,
,asset,churchib_cib_031,churchib_cib_000,,"Scene 31: portrait, Schwartz of Tanjore, 1750",http://ldpd.cul.columbia.edu/a_church_is_born/burke_church_031.jpg,filename,original filename: burke_church_031.tif,"Originally part of the independent Missionary Research Library, these records were accessioned to the Burke Library archives with the closure of the MRL in 1976. The records were processed and preserved as part of a Henry Luce Foundation grant in 2013.",ownership,https://exhibitions.library.columbia.edu/exhibits/show/church/firstprotestantmissionaries/scenesprotestantmiss2,7800,,,,,,,,,,,,,,,,,,,,On-site Access,In Copyright,http://rightsstatements.org/vocab/InC/1.0/,rightsstatements.org,,,,,,,,,,,,,,,,,,,,,,,,,,,,,,
,asset,churchib_cib_032,churchib_cib_000,,Scene 32: memorial,http://ldpd.cul.columbia.edu/a_church_is_born/burke_church_032.jpg,filename,original filename: burke_church_032.tif,"Originally part of the independent Missionary Research Library, these records were accessioned to the Burke Library archives with the closure of the MRL in 1976. The records were processed and preserved as part of a Henry Luce Foundation grant in 2013.",ownership,https://exhibitions.library.columbia.edu/exhibits/show/church/firstprotestantmissionaries/scenesprotestantmiss2,7801,,,,,,,,,,,,,,,,,,,,On-site Access,In Copyright,http://rightsstatements.org/vocab/InC/1.0/,rightsstatements.org,,,,,,,,,,,,,,,,,,,,,,,,,,,,,,
,asset,churchib_cib_033,churchib_cib_000,,"Scene 33: group at table, Early Wesleyan Evangelists",http://ldpd.cul.columbia.edu/a_church_is_born/burke_church_033.jpg,filename,original filename: burke_church_033.tif,"Originally part of the independent Missionary Research Library, these records were accessioned to the Burke Library archives with the closure of the MRL in 1976. The records were processed and preserved as part of a Henry Luce Foundation grant in 2013.",ownership,https://exhibitions.library.columbia.edu/exhibits/show/church/firstprotestantmissionaries/scenesprotestantmiss2,7802,,,,,,,,,,,,,,,,,,,,On-site Access,In Copyright,http://rightsstatements.org/vocab/InC/1.0/,rightsstatements.org,,,,,,,,,,,,,,,,,,,,,,,,,,,,,,
,asset,churchib_cib_034,churchib_cib_000,,Scene 34: evangelists in village,http://ldpd.cul.columbia.edu/a_church_is_born/burke_church_034.jpg,filename,original filename: burke_church_034.tif,"Originally part of the independent Missionary Research Library, these records were accessioned to the Burke Library archives with the closure of the MRL in 1976. The records were processed and preserved as part of a Henry Luce Foundation grant in 2013.",ownership,https://exhibitions.library.columbia.edu/exhibits/show/church/firstprotestantmissionaries/scenesprotestantmiss2,7803,,,,,,,,,,,,,,,,,,,,On-site Access,In Copyright,http://rightsstatements.org/vocab/InC/1.0/,rightsstatements.org,,,,,,,,,,,,,,,,,,,,,,,,,,,,,,
,asset,churchib_cib_035,churchib_cib_000,,"Scene 35: exterior church, Old Scotch Kirk, Madras",http://ldpd.cul.columbia.edu/a_church_is_born/burke_church_035.jpg,filename,original filename: burke_church_035.tif,"Originally part of the independent Missionary Research Library, these records were accessioned to the Burke Library archives with the closure of the MRL in 1976. The records were processed and preserved as part of a Henry Luce Foundation grant in 2013.",ownership,https://exhibitions.library.columbia.edu/exhibits/show/church/firstprotestantmissionaries/scenesprotestantmiss2,7804,,,,,,,,,,,,,,,,,,,,On-site Access,In Copyright,http://rightsstatements.org/vocab/InC/1.0/,rightsstatements.org,,,,,,,,,,,,,,,,,,,,,,,,,,,,,,
,asset,churchib_cib_036,churchib_cib_000,,"Scene 36: portrait, the Scudder family",http://ldpd.cul.columbia.edu/a_church_is_born/burke_church_036.jpg,filename,original filename: burke_church_036.tif,"Originally part of the independent Missionary Research Library, these records were accessioned to the Burke Library archives with the closure of the MRL in 1976. The records were processed and preserved as part of a Henry Luce Foundation grant in 2013.",ownership,https://exhibitions.library.columbia.edu/exhibits/show/church/firstprotestantmissionaries/scenesprotestantmiss2,7805,,,,,,,,,,,,,,,,,,,,On-site Access,In Copyright,http://rightsstatements.org/vocab/InC/1.0/,rightsstatements.org,,,,,,,,,,,,,,,,,,,,,,,,,,,,,,
,asset,churchib_cib_037,churchib_cib_000,,"Scene 37: church yard Madura, a Congregational church yard",http://ldpd.cul.columbia.edu/a_church_is_born/burke_church_037.jpg,filename,original filename: burke_church_037.tif,"Originally part of the independent Missionary Research Library, these records were accessioned to the Burke Library archives with the closure of the MRL in 1976. The records were processed and preserved as part of a Henry Luce Foundation grant in 2013.",ownership,https://exhibitions.library.columbia.edu/exhibits/show/church/firstprotestantmissionaries/scenesprotestantmiss2,7806,,,,,,,,,,,,,,,,,,,,On-site Access,In Copyright,http://rightsstatements.org/vocab/InC/1.0/,rightsstatements.org,,,,,,,,,,,,,,,,,,,,,,,,,,,,,,
,asset,churchib_cib_038,churchib_cib_000,,Scene 38: The character of Protestant Christianity in South India,http://ldpd.cul.columbia.edu/a_church_is_born/burke_church_038.jpg,filename,original filename: burke_church_038.tif,"Originally part of the independent Missionary Research Library, these records were accessioned to the Burke Library archives with the closure of the MRL in 1976. The records were processed and preserved as part of a Henry Luce Foundation grant in 2013.",ownership,https://exhibitions.library.columbia.edu/exhibits/show/church/characterchristianity/scenescharacter1,7807,,,,,,,,,,,,,,,,,,,,On-site Access,In Copyright,http://rightsstatements.org/vocab/InC/1.0/,rightsstatements.org,,,,,,,,,,,,,,,,,,,,,,,,,,,,,,
,asset,churchib_cib_039,churchib_cib_000,,"Scene 39: Ashram, Kodaikanal",http://ldpd.cul.columbia.edu/a_church_is_born/burke_church_039.jpg,filename,original filename: burke_church_039.tif,"Originally part of the independent Missionary Research Library, these records were accessioned to the Burke Library archives with the closure of the MRL in 1976. The records were processed and preserved as part of a Henry Luce Foundation grant in 2013.",ownership,https://exhibitions.library.columbia.edu/exhibits/show/church/characterchristianity/scenescharacter1,7808,,,,,,,,,,,,,,,,,,,,On-site Access,In Copyright,http://rightsstatements.org/vocab/InC/1.0/,rightsstatements.org,,,,,,,,,,,,,,,,,,,,,,,,,,,,,,
,asset,churchib_cib_040,churchib_cib_000,,Scene 40: shrine,http://ldpd.cul.columbia.edu/a_church_is_born/burke_church_040.jpg,filename,original filename: burke_church_040.tif,"Originally part of the independent Missionary Research Library, these records were accessioned to the Burke Library archives with the closure of the MRL in 1976. The records were processed and preserved as part of a Henry Luce Foundation grant in 2013.",ownership,https://exhibitions.library.columbia.edu/exhibits/show/church/characterchristianity/scenescharacter1,7809,,,,,,,,,,,,,,,,,,,,On-site Access,In Copyright,http://rightsstatements.org/vocab/InC/1.0/,rightsstatements.org,,,,,,,,,,,,,,,,,,,,,,,,,,,,,,
,asset,churchib_cib_041,churchib_cib_000,,"Scene 41: Ashram, Vellore",http://ldpd.cul.columbia.edu/a_church_is_born/burke_church_041.jpg,filename,original filename: burke_church_041.tif,"Originally part of the independent Missionary Research Library, these records were accessioned to the Burke Library archives with the closure of the MRL in 1976. The records were processed and preserved as part of a Henry Luce Foundation grant in 2013.",ownership,https://exhibitions.library.columbia.edu/exhibits/show/church/characterchristianity/scenescharacter1,7810,,,,,,,,,,,,,,,,,,,,On-site Access,In Copyright,http://rightsstatements.org/vocab/InC/1.0/,rightsstatements.org,,,,,,,,,,,,,,,,,,,,,,,,,,,,,,
,asset,churchib_cib_042,churchib_cib_000,,Scene 42: Indian at devotions,http://ldpd.cul.columbia.edu/a_church_is_born/burke_church_042.jpg,filename,original filename: burke_church_042.tif,"Originally part of the independent Missionary Research Library, these records were accessioned to the Burke Library archives with the closure of the MRL in 1976. The records were processed and preserved as part of a Henry Luce Foundation grant in 2013.",ownership,https://exhibitions.library.columbia.edu/exhibits/show/church/characterchristianity/scenescharacter1,7811,,,,,,,,,,,,,,,,,,,,On-site Access,In Copyright,http://rightsstatements.org/vocab/InC/1.0/,rightsstatements.org,,,,,,,,,,,,,,,,,,,,,,,,,,,,,,
,asset,churchib_cib_043,churchib_cib_000,,Scene 43: service,http://ldpd.cul.columbia.edu/a_church_is_born/burke_church_043.jpg,filename,original filename: burke_church_043.tif,"Originally part of the independent Missionary Research Library, these records were accessioned to the Burke Library archives with the closure of the MRL in 1976. The records were processed and preserved as part of a Henry Luce Foundation grant in 2013.",ownership,https://exhibitions.library.columbia.edu/exhibits/show/church/characterchristianity/scenescharacter1,7812,,,,,,,,,,,,,,,,,,,,On-site Access,In Copyright,http://rightsstatements.org/vocab/InC/1.0/,rightsstatements.org,,,,,,,,,,,,,,,,,,,,,,,,,,,,,,
,asset,churchib_cib_044,churchib_cib_000,,Scene 44: Indian evangelist,http://ldpd.cul.columbia.edu/a_church_is_born/burke_church_044.jpg,filename,original filename: burke_church_044.tif,"Originally part of the independent Missionary Research Library, these records were accessioned to the Burke Library archives with the closure of the MRL in 1976. The records were processed and preserved as part of a Henry Luce Foundation grant in 2013.",ownership,https://exhibitions.library.columbia.edu/exhibits/show/church/characterchristianity/scenescharacter2,7813,,,,,,,,,,,,,,,,,,,,On-site Access,In Copyright,http://rightsstatements.org/vocab/InC/1.0/,rightsstatements.org,,,,,,,,,,,,,,,,,,,,,,,,,,,,,,
,asset,churchib_cib_045,churchib_cib_000,,Scene 45: village gathering,http://ldpd.cul.columbia.edu/a_church_is_born/burke_church_045.jpg,filename,original filename: burke_church_045.tif,"Originally part of the independent Missionary Research Library, these records were accessioned to the Burke Library archives with the closure of the MRL in 1976. The records were processed and preserved as part of a Henry Luce Foundation grant in 2013.",ownership,https://exhibitions.library.columbia.edu/exhibits/show/church/characterchristianity/scenescharacter2,7814,,,,,,,,,,,,,,,,,,,,On-site Access,In Copyright,http://rightsstatements.org/vocab/InC/1.0/,rightsstatements.org,,,,,,,,,,,,,,,,,,,,,,,,,,,,,,
,asset,churchib_cib_046,churchib_cib_000,,Scene 46: Church Union children,http://ldpd.cul.columbia.edu/a_church_is_born/burke_church_046.jpg,filename,original filename: burke_church_046.tif,"Originally part of the independent Missionary Research Library, these records were accessioned to the Burke Library archives with the closure of the MRL in 1976. The records were processed and preserved as part of a Henry Luce Foundation grant in 2013.",ownership,https://exhibitions.library.columbia.edu/exhibits/show/church/characterchristianity/scenescharacter2,7815,,,,,,,,,,,,,,,,,,,,On-site Access,In Copyright,http://rightsstatements.org/vocab/InC/1.0/,rightsstatements.org,,,,,,,,,,,,,,,,,,,,,,,,,,,,,,
,asset,churchib_cib_047,churchib_cib_000,,Scene 47: steps Toward Church Union,http://ldpd.cul.columbia.edu/a_church_is_born/burke_church_047.jpg,filename,original filename: burke_church_047.tif,"Originally part of the independent Missionary Research Library, these records were accessioned to the Burke Library archives with the closure of the MRL in 1976. The records were processed and preserved as part of a Henry Luce Foundation grant in 2013.",ownership,https://exhibitions.library.columbia.edu/exhibits/show/church/stepschurchunion/scenessteps1,7816,,,,,,,,,,,,,,,,,,,,On-site Access,In Copyright,http://rightsstatements.org/vocab/InC/1.0/,rightsstatements.org,,,,,,,,,,,,,,,,,,,,,,,,,,,,,,
,asset,churchib_cib_048,churchib_cib_000,,Scene 48: map of church areas,http://ldpd.cul.columbia.edu/a_church_is_born/burke_church_048.jpg,filename,original filename: burke_church_048.tif,"Originally part of the independent Missionary Research Library, these records were accessioned to the Burke Library archives with the closure of the MRL in 1976. The records were processed and preserved as part of a Henry Luce Foundation grant in 2013.",ownership,https://exhibitions.library.columbia.edu/exhibits/show/church/stepschurchunion/scenessteps1,7817,,,,,,,,,,,,,,,,,,,,On-site Access,In Copyright,http://rightsstatements.org/vocab/InC/1.0/,rightsstatements.org,,,,,,,,,,,,,,,,,,,,,,,,,,,,,,
,asset,churchib_cib_049,churchib_cib_000,,Scene 49: group of ministers,http://ldpd.cul.columbia.edu/a_church_is_born/burke_church_049.jpg,filename,original filename: burke_church_049.tif,"Originally part of the independent Missionary Research Library, these records were accessioned to the Burke Library archives with the closure of the MRL in 1976. The records were processed and preserved as part of a Henry Luce Foundation grant in 2013.",ownership,https://exhibitions.library.columbia.edu/exhibits/show/church/stepschurchunion/scenessteps1,7818,,,,,,,,,,,,,,,,,,,,On-site Access,In Copyright,http://rightsstatements.org/vocab/InC/1.0/,rightsstatements.org,,,,,,,,,,,,,,,,,,,,,,,,,,,,,,
,asset,churchib_cib_050,churchib_cib_000,,"Scene 50: exterior church, Ranipet",http://ldpd.cul.columbia.edu/a_church_is_born/burke_church_050.jpg,filename,original filename: burke_church_050.tif,"Originally part of the independent Missionary Research Library, these records were accessioned to the Burke Library archives with the closure of the MRL in 1976. The records were processed and preserved as part of a Henry Luce Foundation grant in 2013.",ownership,https://exhibitions.library.columbia.edu/exhibits/show/church/stepschurchunion/scenessteps1,7819,,,,,,,,,,,,,,,,,,,,On-site Access,In Copyright,http://rightsstatements.org/vocab/InC/1.0/,rightsstatements.org,,,,,,,,,,,,,,,,,,,,,,,,,,,,,,
,asset,churchib_cib_051,churchib_cib_000,,"Scene 51: interior church, Ranipet",http://ldpd.cul.columbia.edu/a_church_is_born/burke_church_051.jpg,filename,original filename: burke_church_051.tif,"Originally part of the independent Missionary Research Library, these records were accessioned to the Burke Library archives with the closure of the MRL in 1976. The records were processed and preserved as part of a Henry Luce Foundation grant in 2013.",ownership,https://exhibitions.library.columbia.edu/exhibits/show/church/stepschurchunion/scenessteps2,7820,,,,,,,,,,,,,,,,,,,,On-site Access,In Copyright,http://rightsstatements.org/vocab/InC/1.0/,rightsstatements.org,,,,,,,,,,,,,,,,,,,,,,,,,,,,,,
,asset,churchib_cib_052,churchib_cib_000,,"Scene 52: beach at Tranquebar, Tranquebar 1919",http://ldpd.cul.columbia.edu/a_church_is_born/burke_church_052.jpg,filename,original filename: burke_church_052.tif,"Originally part of the independent Missionary Research Library, these records were accessioned to the Burke Library archives with the closure of the MRL in 1976. The records were processed and preserved as part of a Henry Luce Foundation grant in 2013.",ownership,https://exhibitions.library.columbia.edu/exhibits/show/church/stepschurchunion/scenessteps2,7821,,,,,,,,,,,,,,,,,,,,On-site Access,In Copyright,http://rightsstatements.org/vocab/InC/1.0/,rightsstatements.org,,,,,,,,,,,,,,,,,,,,,,,,,,,,,,
,asset,churchib_cib_053,churchib_cib_000,,"Scene 53: portrait, Bishop Azariah",http://ldpd.cul.columbia.edu/a_church_is_born/burke_church_053.jpg,filename,original filename: burke_church_053.tif,"Originally part of the independent Missionary Research Library, these records were accessioned to the Burke Library archives with the closure of the MRL in 1976. The records were processed and preserved as part of a Henry Luce Foundation grant in 2013.",ownership,https://exhibitions.library.columbia.edu/exhibits/show/church/stepschurchunion/scenessteps2,7822,,,,,,,,,,,,,,,,,,,,On-site Access,In Copyright,http://rightsstatements.org/vocab/InC/1.0/,rightsstatements.org,,,,,,,,,,,,,,,,,,,,,,,,,,,,,,
,asset,churchib_cib_054,churchib_cib_000,,Scene 54: Reverend Peter and Reverend Popley,http://ldpd.cul.columbia.edu/a_church_is_born/burke_church_054.jpg,filename,original filename: burke_church_054.tif,"Originally part of the independent Missionary Research Library, these records were accessioned to the Burke Library archives with the closure of the MRL in 1976. The records were processed and preserved as part of a Henry Luce Foundation grant in 2013.",ownership,https://exhibitions.library.columbia.edu/exhibits/show/church/stepschurchunion/scenessteps2,7823,,,,,,,,,,,,,,,,,,,,On-site Access,In Copyright,http://rightsstatements.org/vocab/InC/1.0/,rightsstatements.org,,,,,,,,,,,,,,,,,,,,,,,,,,,,,,
,asset,churchib_cib_055,churchib_cib_000,,Scene 55: conference at Tambaram,http://ldpd.cul.columbia.edu/a_church_is_born/burke_church_055.jpg,filename,original filename: burke_church_055.tif,"Originally part of the independent Missionary Research Library, these records were accessioned to the Burke Library archives with the closure of the MRL in 1976. The records were processed and preserved as part of a Henry Luce Foundation grant in 2013.",ownership,https://exhibitions.library.columbia.edu/exhibits/show/church/stepschurchunion/scenessteps2,7824,,,,,,,,,,,,,,,,,,,,On-site Access,In Copyright,http://rightsstatements.org/vocab/InC/1.0/,rightsstatements.org,,,,,,,,,,,,,,,,,,,,,,,,,,,,,,
,asset,churchib_cib_056,churchib_cib_000,,"Scene 56: exterior group, General Assembly, Tambaram, 1947",http://ldpd.cul.columbia.edu/a_church_is_born/burke_church_056.jpg,filename,original filename: burke_church_056.tif,"Originally part of the independent Missionary Research Library, these records were accessioned to the Burke Library archives with the closure of the MRL in 1976. The records were processed and preserved as part of a Henry Luce Foundation grant in 2013.",ownership,https://exhibitions.library.columbia.edu/exhibits/show/church/stepschurchunion/scenessteps2,7825,,,,,,,,,,,,,,,,,,,,On-site Access,In Copyright,http://rightsstatements.org/vocab/InC/1.0/,rightsstatements.org,,,,,,,,,,,,,,,,,,,,,,,,,,,,,,
,asset,churchib_cib_057,churchib_cib_000,,"Scene 57: interior group, General Assembly, Tambaram, 1947",http://ldpd.cul.columbia.edu/a_church_is_born/burke_church_057.jpg,filename,original filename: burke_church_057.tif,"Originally part of the independent Missionary Research Library, these records were accessioned to the Burke Library archives with the closure of the MRL in 1976. The records were processed and preserved as part of a Henry Luce Foundation grant in 2013.",ownership,https://exhibitions.library.columbia.edu/exhibits/show/church/stepschurchunion/scenessteps2,7826,,,,,,,,,,,,,,,,,,,,On-site Access,In Copyright,http://rightsstatements.org/vocab/InC/1.0/,rightsstatements.org,,,,,,,,,,,,,,,,,,,,,,,,,,,,,,
,asset,churchib_cib_058,churchib_cib_000,,Scene 58: Inaugurating the Church of South India,http://ldpd.cul.columbia.edu/a_church_is_born/burke_church_058.jpg,filename,original filename: burke_church_058.tif,"Originally part of the independent Missionary Research Library, these records were accessioned to the Burke Library archives with the closure of the MRL in 1976. The records were processed and preserved as part of a Henry Luce Foundation grant in 2013.",ownership,https://exhibitions.library.columbia.edu/exhibits/show/church/inauguratingchurch/scenesinaugurating1,7827,,,,,,,,,,,,,,,,,,,,On-site Access,In Copyright,http://rightsstatements.org/vocab/InC/1.0/,rightsstatements.org,,,,,,,,,,,,,,,,,,,,,,,,,,,,,,
,asset,churchib_cib_059,churchib_cib_000,,Scene 59: chart of all branches,http://ldpd.cul.columbia.edu/a_church_is_born/burke_church_059.jpg,filename,original filename: burke_church_059.tif,"Originally part of the independent Missionary Research Library, these records were accessioned to the Burke Library archives with the closure of the MRL in 1976. The records were processed and preserved as part of a Henry Luce Foundation grant in 2013.",ownership,https://exhibitions.library.columbia.edu/exhibits/show/church/inauguratingchurch/scenesinaugurating1,7828,,,,,,,,,,,,,,,,,,,,On-site Access,In Copyright,http://rightsstatements.org/vocab/InC/1.0/,rightsstatements.org,,,,,,,,,,,,,,,,,,,,,,,,,,,,,,
,asset,churchib_cib_060,churchib_cib_000,,Scene 60: Church Union Anglican and Wesleyan branches,http://ldpd.cul.columbia.edu/a_church_is_born/burke_church_060.jpg,filename,original filename: burke_church_060.tif,"Originally part of the independent Missionary Research Library, these records were accessioned to the Burke Library archives with the closure of the MRL in 1976. The records were processed and preserved as part of a Henry Luce Foundation grant in 2013.",ownership,https://exhibitions.library.columbia.edu/exhibits/show/church/inauguratingchurch/scenesinaugurating1,7829,,,,,,,,,,,,,,,,,,,,On-site Access,In Copyright,http://rightsstatements.org/vocab/InC/1.0/,rightsstatements.org,,,,,,,,,,,,,,,,,,,,,,,,,,,,,,
,asset,churchib_cib_061,churchib_cib_000,,Scene 61: Church Union United Church branch,http://ldpd.cul.columbia.edu/a_church_is_born/burke_church_061.jpg,filename,original filename: burke_church_061.tif,"Originally part of the independent Missionary Research Library, these records were accessioned to the Burke Library archives with the closure of the MRL in 1976. The records were processed and preserved as part of a Henry Luce Foundation grant in 2013.",ownership,https://exhibitions.library.columbia.edu/exhibits/show/church/inauguratingchurch/scenesinaugurating1,7830,,,,,,,,,,,,,,,,,,,,On-site Access,In Copyright,http://rightsstatements.org/vocab/InC/1.0/,rightsstatements.org,,,,,,,,,,,,,,,,,,,,,,,,,,,,,,
,asset,churchib_cib_062,churchib_cib_000,,Scene 62: entire chart,http://ldpd.cul.columbia.edu/a_church_is_born/burke_church_062.jpg,filename,original filename: burke_church_062.tif,"Originally part of the independent Missionary Research Library, these records were accessioned to the Burke Library archives with the closure of the MRL in 1976. The records were processed and preserved as part of a Henry Luce Foundation grant in 2013.",ownership,https://exhibitions.library.columbia.edu/exhibits/show/church/inauguratingchurch/scenesinaugurating1,7831,,,,,,,,,,,,,,,,,,,,On-site Access,In Copyright,http://rightsstatements.org/vocab/InC/1.0/,rightsstatements.org,,,,,,,,,,,,,,,,,,,,,,,,,,,,,,
,asset,churchib_cib_063,churchib_cib_000,,"Scene 63: St. George's Cathedral, September 27, 1947",http://ldpd.cul.columbia.edu/a_church_is_born/burke_church_063.jpg,filename,original filename: burke_church_063.tif,"Originally part of the independent Missionary Research Library, these records were accessioned to the Burke Library archives with the closure of the MRL in 1976. The records were processed and preserved as part of a Henry Luce Foundation grant in 2013.",ownership,https://exhibitions.library.columbia.edu/exhibits/show/church/inauguratingchurch/scenesinaugurating1,7832,,,,,,,,,,,,,,,,,,,,On-site Access,In Copyright,http://rightsstatements.org/vocab/InC/1.0/,rightsstatements.org,,,,,,,,,,,,,,,,,,,,,,,,,,,,,,
,asset,churchib_cib_064,churchib_cib_000,,Scene 64: Bishop Mondol and Dean Pitt,http://ldpd.cul.columbia.edu/a_church_is_born/burke_church_064.jpg,filename,original filename: burke_church_064.tif,"Originally part of the independent Missionary Research Library, these records were accessioned to the Burke Library archives with the closure of the MRL in 1976. The records were processed and preserved as part of a Henry Luce Foundation grant in 2013.",ownership,https://exhibitions.library.columbia.edu/exhibits/show/church/inauguratingchurch/scenesinaugurating1,7833,,,,,,,,,,,,,,,,,,,,On-site Access,In Copyright,http://rightsstatements.org/vocab/InC/1.0/,rightsstatements.org,,,,,,,,,,,,,,,,,,,,,,,,,,,,,,
,asset,churchib_cib_065,churchib_cib_000,,Scene 65: Anglican bishops,http://ldpd.cul.columbia.edu/a_church_is_born/burke_church_065.jpg,filename,original filename: burke_church_065.tif,"Originally part of the independent Missionary Research Library, these records were accessioned to the Burke Library archives with the closure of the MRL in 1976. The records were processed and preserved as part of a Henry Luce Foundation grant in 2013.",ownership,https://exhibitions.library.columbia.edu/exhibits/show/church/inauguratingchurch/scenesinaugurating2,7834,,,,,,,,,,,,,,,,,,,,On-site Access,In Copyright,http://rightsstatements.org/vocab/InC/1.0/,rightsstatements.org,,,,,,,,,,,,,,,,,,,,,,,,,,,,,,
,asset,churchib_cib_066,churchib_cib_000,,Scene 66: processional,http://ldpd.cul.columbia.edu/a_church_is_born/burke_church_066.jpg,filename,original filename: burke_church_066.tif,"Originally part of the independent Missionary Research Library, these records were accessioned to the Burke Library archives with the closure of the MRL in 1976. The records were processed and preserved as part of a Henry Luce Foundation grant in 2013.",ownership,https://exhibitions.library.columbia.edu/exhibits/show/church/inauguratingchurch/scenesinaugurating2,7835,,,,,,,,,,,,,,,,,,,,On-site Access,In Copyright,http://rightsstatements.org/vocab/InC/1.0/,rightsstatements.org,,,,,,,,,,,,,,,,,,,,,,,,,,,,,,
,asset,churchib_cib_067,churchib_cib_000,,Scene 67: Bishop Elliot at altar,http://ldpd.cul.columbia.edu/a_church_is_born/burke_church_067.jpg,filename,original filename: burke_church_067.tif,"Originally part of the independent Missionary Research Library, these records were accessioned to the Burke Library archives with the closure of the MRL in 1976. The records were processed and preserved as part of a Henry Luce Foundation grant in 2013.",ownership,https://exhibitions.library.columbia.edu/exhibits/show/church/inauguratingchurch/scenesinaugurating2,7836,,,,,,,,,,,,,,,,,,,,On-site Access,In Copyright,http://rightsstatements.org/vocab/InC/1.0/,rightsstatements.org,,,,,,,,,,,,,,,,,,,,,,,,,,,,,,
,asset,churchib_cib_068,churchib_cib_000,,Scene 68: Dr. Kell at altar,http://ldpd.cul.columbia.edu/a_church_is_born/burke_church_068.jpg,filename,original filename: burke_church_068.tif,"Originally part of the independent Missionary Research Library, these records were accessioned to the Burke Library archives with the closure of the MRL in 1976. The records were processed and preserved as part of a Henry Luce Foundation grant in 2013.",ownership,https://exhibitions.library.columbia.edu/exhibits/show/church/inauguratingchurch/scenesinaugurating2,7837,,,,,,,,,,,,,,,,,,,,On-site Access,In Copyright,http://rightsstatements.org/vocab/InC/1.0/,rightsstatements.org,,,,,,,,,,,,,,,,,,,,,,,,,,,,,,
,asset,churchib_cib_069,churchib_cib_000,,Scene 69: Bishop before altar,http://ldpd.cul.columbia.edu/a_church_is_born/burke_church_069.jpg,filename,original filename: burke_church_069.tif,"Originally part of the independent Missionary Research Library, these records were accessioned to the Burke Library archives with the closure of the MRL in 1976. The records were processed and preserved as part of a Henry Luce Foundation grant in 2013.",ownership,https://exhibitions.library.columbia.edu/exhibits/show/church/inauguratingchurch/scenesinaugurating2,7838,,,,,,,,,,,,,,,,,,,,On-site Access,In Copyright,http://rightsstatements.org/vocab/InC/1.0/,rightsstatements.org,,,,,,,,,,,,,,,,,,,,,,,,,,,,,,
,asset,churchib_cib_070,churchib_cib_000,,Scene 70: organ pipes,http://ldpd.cul.columbia.edu/a_church_is_born/burke_church_070.jpg,filename,original filename: burke_church_070.tif,"Originally part of the independent Missionary Research Library, these records were accessioned to the Burke Library archives with the closure of the MRL in 1976. The records were processed and preserved as part of a Henry Luce Foundation grant in 2013.",ownership,https://exhibitions.library.columbia.edu/exhibits/show/church/inauguratingchurch/scenesinaugurating2,7839,,,,,,,,,,,,,,,,,,,,On-site Access,In Copyright,http://rightsstatements.org/vocab/InC/1.0/,rightsstatements.org,,,,,,,,,,,,,,,,,,,,,,,,,,,,,,
,asset,churchib_cib_071,churchib_cib_000,,Scene 71: commissioning Bishops,http://ldpd.cul.columbia.edu/a_church_is_born/burke_church_071.jpg,filename,original filename: burke_church_071.tif,"Originally part of the independent Missionary Research Library, these records were accessioned to the Burke Library archives with the closure of the MRL in 1976. The records were processed and preserved as part of a Henry Luce Foundation grant in 2013.",ownership,https://exhibitions.library.columbia.edu/exhibits/show/church/inauguratingchurch/scenesinaugurating2,7840,,,,,,,,,,,,,,,,,,,,On-site Access,In Copyright,http://rightsstatements.org/vocab/InC/1.0/,rightsstatements.org,,,,,,,,,,,,,,,,,,,,,,,,,,,,,,
,asset,churchib_cib_072,churchib_cib_000,,Scene 72: Bishops-elect,http://ldpd.cul.columbia.edu/a_church_is_born/burke_church_072.jpg,filename,original filename: burke_church_072.tif,"Originally part of the independent Missionary Research Library, these records were accessioned to the Burke Library archives with the closure of the MRL in 1976. The records were processed and preserved as part of a Henry Luce Foundation grant in 2013.",ownership,https://exhibitions.library.columbia.edu/exhibits/show/church/inauguratingchurch/scenesinaugurating2,7841,,,,,,,,,,,,,,,,,,,,On-site Access,In Copyright,http://rightsstatements.org/vocab/InC/1.0/,rightsstatements.org,,,,,,,,,,,,,,,,,,,,,,,,,,,,,,
,asset,churchib_cib_073,churchib_cib_000,,Scene 73: precessional,http://ldpd.cul.columbia.edu/a_church_is_born/burke_church_073.jpg,filename,original filename: burke_church_073.tif,"Originally part of the independent Missionary Research Library, these records were accessioned to the Burke Library archives with the closure of the MRL in 1976. The records were processed and preserved as part of a Henry Luce Foundation grant in 2013.",ownership,https://exhibitions.library.columbia.edu/exhibits/show/church/inauguratingchurch/scenesinaugurating3,7842,,,,,,,,,,,,,,,,,,,,On-site Access,In Copyright,http://rightsstatements.org/vocab/InC/1.0/,rightsstatements.org,,,,,,,,,,,,,,,,,,,,,,,,,,,,,,
,asset,churchib_cib_074,churchib_cib_000,,Scene 74: Hooper preaching,http://ldpd.cul.columbia.edu/a_church_is_born/burke_church_074.jpg,filename,original filename: burke_church_074.tif,"Originally part of the independent Missionary Research Library, these records were accessioned to the Burke Library archives with the closure of the MRL in 1976. The records were processed and preserved as part of a Henry Luce Foundation grant in 2013.",ownership,https://exhibitions.library.columbia.edu/exhibits/show/church/inauguratingchurch/scenesinaugurating3,7843,,,,,,,,,,,,,,,,,,,,On-site Access,In Copyright,http://rightsstatements.org/vocab/InC/1.0/,rightsstatements.org,,,,,,,,,,,,,,,,,,,,,,,,,,,,,,
,asset,churchib_cib_075,churchib_cib_000,,Scene 75: consecration,http://ldpd.cul.columbia.edu/a_church_is_born/burke_church_075.jpg,filename,original filename: burke_church_075.tif,"Originally part of the independent Missionary Research Library, these records were accessioned to the Burke Library archives with the closure of the MRL in 1976. The records were processed and preserved as part of a Henry Luce Foundation grant in 2013.",ownership,https://exhibitions.library.columbia.edu/exhibits/show/church/inauguratingchurch/scenesinaugurating3,7844,,,,,,,,,,,,,,,,,,,,On-site Access,In Copyright,http://rightsstatements.org/vocab/InC/1.0/,rightsstatements.org,,,,,,,,,,,,,,,,,,,,,,,,,,,,,,
,asset,churchib_cib_076,churchib_cib_000,,Scene 76: Church Union consecration,http://ldpd.cul.columbia.edu/a_church_is_born/burke_church_076.jpg,filename,original filename: burke_church_076.tif,"Originally part of the independent Missionary Research Library, these records were accessioned to the Burke Library archives with the closure of the MRL in 1976. The records were processed and preserved as part of a Henry Luce Foundation grant in 2013.",ownership,https://exhibitions.library.columbia.edu/exhibits/show/church/inauguratingchurch/scenesinaugurating3,7845,,,,,,,,,,,,,,,,,,,,On-site Access,In Copyright,http://rightsstatements.org/vocab/InC/1.0/,rightsstatements.org,,,,,,,,,,,,,,,,,,,,,,,,,,,,,,
,asset,churchib_cib_077,churchib_cib_000,,Scene 77: bells ringing,http://ldpd.cul.columbia.edu/a_church_is_born/burke_church_077.jpg,filename,original filename: burke_church_077.tif,"Originally part of the independent Missionary Research Library, these records were accessioned to the Burke Library archives with the closure of the MRL in 1976. The records were processed and preserved as part of a Henry Luce Foundation grant in 2013.",ownership,https://exhibitions.library.columbia.edu/exhibits/show/church/inauguratingchurch/scenesinaugurating4,7846,,,,,,,,,,,,,,,,,,,,On-site Access,In Copyright,http://rightsstatements.org/vocab/InC/1.0/,rightsstatements.org,,,,,,,,,,,,,,,,,,,,,,,,,,,,,,
,asset,churchib_cib_078,churchib_cib_000,,Scene 78: congregation at Modak,http://ldpd.cul.columbia.edu/a_church_is_born/burke_church_078.jpg,filename,original filename: burke_church_078.tif,"Originally part of the independent Missionary Research Library, these records were accessioned to the Burke Library archives with the closure of the MRL in 1976. The records were processed and preserved as part of a Henry Luce Foundation grant in 2013.",ownership,https://exhibitions.library.columbia.edu/exhibits/show/church/inauguratingchurch/scenesinaugurating4,7847,,,,,,,,,,,,,,,,,,,,On-site Access,In Copyright,http://rightsstatements.org/vocab/InC/1.0/,rightsstatements.org,,,,,,,,,,,,,,,,,,,,,,,,,,,,,,
,asset,churchib_cib_079,churchib_cib_000,,Scene 79: bells in tower,http://ldpd.cul.columbia.edu/a_church_is_born/burke_church_079.jpg,filename,original filename: burke_church_079.tif,"Originally part of the independent Missionary Research Library, these records were accessioned to the Burke Library archives with the closure of the MRL in 1976. The records were processed and preserved as part of a Henry Luce Foundation grant in 2013.",ownership,https://exhibitions.library.columbia.edu/exhibits/show/church/inauguratingchurch/scenesinaugurating4,7848,,,,,,,,,,,,,,,,,,,,On-site Access,In Copyright,http://rightsstatements.org/vocab/InC/1.0/,rightsstatements.org,,,,,,,,,,,,,,,,,,,,,,,,,,,,,,
,asset,churchib_cib_080,churchib_cib_000,,Scene 80: exterior Dornakal,http://ldpd.cul.columbia.edu/a_church_is_born/burke_church_080.jpg,filename,original filename: burke_church_080.tif,"Originally part of the independent Missionary Research Library, these records were accessioned to the Burke Library archives with the closure of the MRL in 1976. The records were processed and preserved as part of a Henry Luce Foundation grant in 2013.",ownership,https://exhibitions.library.columbia.edu/exhibits/show/church/inauguratingchurch/scenesinaugurating4,7849,,,,,,,,,,,,,,,,,,,,On-site Access,In Copyright,http://rightsstatements.org/vocab/InC/1.0/,rightsstatements.org,,,,,,,,,,,,,,,,,,,,,,,,,,,,,,
,asset,churchib_cib_081,churchib_cib_000,,Scene 81: interior Dornakal,http://ldpd.cul.columbia.edu/a_church_is_born/burke_church_081.jpg,filename,original filename: burke_church_081.tif,"Originally part of the independent Missionary Research Library, these records were accessioned to the Burke Library archives with the closure of the MRL in 1976. The records were processed and preserved as part of a Henry Luce Foundation grant in 2013.",ownership,https://exhibitions.library.columbia.edu/exhibits/show/church/inauguratingchurch/scenesinaugurating4,7850,,,,,,,,,,,,,,,,,,,,On-site Access,In Copyright,http://rightsstatements.org/vocab/InC/1.0/,rightsstatements.org,,,,,,,,,,,,,,,,,,,,,,,,,,,,,,
,asset,churchib_cib_082,churchib_cib_000,,Scene 82: family at worship,http://ldpd.cul.columbia.edu/a_church_is_born/burke_church_082.jpg,filename,original filename: burke_church_082.tif,"Originally part of the independent Missionary Research Library, these records were accessioned to the Burke Library archives with the closure of the MRL in 1976. The records were processed and preserved as part of a Henry Luce Foundation grant in 2013.",ownership,https://exhibitions.library.columbia.edu/exhibits/show/church/inauguratingchurch/scenesinaugurating4,7851,,,,,,,,,,,,,,,,,,,,On-site Access,In Copyright,http://rightsstatements.org/vocab/InC/1.0/,rightsstatements.org,,,,,,,,,,,,,,,,,,,,,,,,,,,,,,
,asset,churchib_cib_083,churchib_cib_000,,"Scene 83: interior chapel, ""That they all may be one""",http://ldpd.cul.columbia.edu/a_church_is_born/burke_church_083.jpg,filename,original filename: burke_church_083.tif,"Originally part of the independent Missionary Research Library, these records were accessioned to the Burke Library archives with the closure of the MRL in 1976. The records were processed and preserved as part of a Henry Luce Foundation grant in 2013.",ownership,https://exhibitions.library.columbia.edu/exhibits/show/church/inauguratingchurch/scenesinaugurating4,7852,,,,,,,,,,,,,,,,,,,,On-site Access,In Copyright,http://rightsstatements.org/vocab/InC/1.0/,rightsstatements.org,,,,,,,,,,,,,,,,,,,,,,,,,,,,,,
,asset,churchib_cib_084,churchib_cib_000,,Focus screen.,burke_church_000.jpg,filename,original filename: burke_church_000.tif,"Originally part of the independent Missionary Research Library, these records were accessioned to the Burke Library archives with the closure of the MRL in 1976. The records were processed and preserved as part of a Henry Luce Foundation grant in 2013.",ownership,https://exhibitions.library.columbia.edu/exhibits/show/church/intro/ownership,7853,,,,,,,,,,,,,,,,,,,,On-site Access,In Copyright,http://rightsstatements.org/vocab/InC/1.0/,rightsstatements.org,,,,,,,,,,,,,,,,,,,,,,,,,,,,,,
